Brand,Processor_Speed,RAM_Size,Storage_Capacity,Screen_Size,Weight,Price
Asus,3.830295706,16,512,11.18514743,2.641094425,17395.09306
Acer,2.912832959,4,1000,11.3113718,3.260012222,31607.60592
Lenovo,3.24162706,4,256,11.85302268,2.029060648,9291.023542
Acer,3.806248453,16,512,12.28036009,4.573865273,17436.72833
Acer,3.268096586,32,1000,14.99087717,4.193472033,32917.99072
HP,1.881347607,16,256,11.94395768,4.840268106,9543.71998
Lenovo,2.9407209,32,256,11.71324635,4.344846438,10390.13732
Lenovo,3.016787616,4,256,15.58831485,2.941119536,9214.484506
Lenovo,2.560326678,4,512,15.0263317,2.743620076,16372.17528
Acer,3.341110589,32,512,13.61194533,4.093148923,18501.83273
Asus,3.835917537,4,1000,14.29585863,3.092338325,31967.60763
Lenovo,3.813921282,32,512,12.87190412,3.698645047,18534.10863
Acer,2.627098429,8,512,13.89500252,2.018772413,17495.98364
HP,1.783095115,16,256,14.04003589,2.185657105,9731.982415
Asus,3.962102997,8,256,13.32342363,3.606103824,9831.389962
HP,3.597245216,32,256,16.43943326,3.698214939,11038.92813
Asus,1.811656703,16,256,11.09637119,4.254358833,8971.512505
Acer,3.802104707,32,256,15.69302758,2.395895959,10915.05717
Dell,3.674740905,16,256,11.74629699,3.539549251,9637.891638
Asus,2.797095143,16,256,15.78528416,2.583342933,9593.110592
HP,2.978188589,16,1000,14.69547149,2.279588359,31965.35661
Acer,2.49750676,16,1000,16.05966855,3.231487382,32025.83669
Asus,1.636904097,32,1000,11.58508595,2.490009944,32764.27443
Dell,2.337993104,16,1000,14.3538838,2.665345935,32114.8208
Dell,3.507133621,16,256,14.00652728,2.95266374,9929.514356
Lenovo,1.511580058,8,1000,15.2371591,2.778165202,31623.81423
Lenovo,2.333747929,4,256,14.20574331,2.262773892,9264.933977
HP,2.495421734,4,1000,14.2444074,2.269748735,31549.79985
Asus,2.843489007,8,512,13.57757566,2.579748246,16729.55088
Asus,3.799639041,8,1000,12.85300654,2.151677564,31747.60461
Lenovo,2.365864986,32,1000,13.89358617,3.879371059,32817.51658
Asus,2.367383005,32,256,11.71095415,2.86198015,10605.76646
Asus,3.34375312,32,1000,16.76908003,2.839237903,32810.02391
Dell,2.630544852,8,512,15.28646458,2.995994883,17059.60928
Lenovo,2.061512057,8,256,16.7148027,3.988388823,8973.589686
Acer,2.63109879,16,256,12.36036429,4.611901644,9912.491625
Lenovo,1.852142551,32,1000,16.27604612,4.277260798,32801.64628
Acer,1.940967466,32,256,15.85273991,4.182587691,10174.19521
Dell,2.745919432,32,256,15.06291447,3.453173557,10325.36473
HP,2.547313624,4,256,14.75017512,4.081416671,9221.138435
Asus,3.787114753,16,256,12.89929799,3.658287104,10233.78582
Dell,2.405984748,32,256,15.89846471,2.648751585,10333.32156
Asus,2.951470876,32,256,14.00909277,2.625765103,10781.5392
HP,3.08066072,32,512,11.42534946,2.889176021,18167.29983
HP,1.532736141,4,1000,12.87717897,4.732408013,31381.40555
Dell,3.15884343,4,512,16.61178259,3.642244521,17124.22007
HP,1.945089917,8,256,16.10408156,4.201716131,9280.142422
Acer,3.902675794,16,256,16.89143419,3.039676279,9701.088818
HP,1.871656819,8,1000,14.7679603,3.223147312,31673.69623
Asus,2.536560309,16,512,12.48506044,2.376696736,17493.65016
Asus,1.71337417,4,1000,11.9768903,2.513884873,31339.15974
Asus,3.99218563,32,512,12.12148664,4.482069664,18495.18097
Asus,2.755487526,8,256,11.11877395,3.754515895,9140.170448
Acer,2.988462543,32,1000,13.34409267,3.012597398,33151.04094
Lenovo,1.667691193,8,1000,12.14856608,4.408553627,31612.05197
Dell,3.374901176,4,256,13.46993276,2.739559717,9081.898738
Asus,2.024763983,4,1000,16.60996659,4.928098096,31650.73015
HP,3.745135724,4,512,13.58324126,3.034452823,17076.68133
Asus,2.012849101,8,512,16.26790698,3.011932862,16983.63602
HP,1.976719302,16,512,14.6330286,2.935735717,17283.37601
HP,1.59137417,8,512,12.48278933,2.366334548,16788.6686
Asus,2.680167363,16,256,13.13512856,2.333411442,10029.58177
Acer,2.912102833,8,1000,11.50351721,3.944315104,31879.66276
HP,1.664271599,8,512,13.00077556,4.625354134,17008.98571
HP,3.438819042,4,256,15.06524567,4.371561531,9362.265977
Asus,2.633222087,32,1000,11.43266656,2.423322782,33008.89887
HP,2.810975673,32,1000,12.23240845,3.636746365,32703.61323
HP,2.601906867,16,256,13.28864625,2.316774638,9859.675148
Asus,2.501907652,32,256,16.89229722,2.135883931,10566.17103
Asus,2.899100828,8,512,15.70917094,3.969157578,16702.35101
Dell,1.888100615,8,1000,15.40092048,3.605457001,31232.36363
Acer,1.954820326,4,1000,11.69714574,2.246071056,31169.85051
Acer,3.654464053,4,256,15.68597536,2.104817739,9486.594937
HP,3.865288655,32,1000,15.71161287,4.96926924,33005.18134
Acer,2.433273291,16,512,14.60661617,2.090063996,17299.66299
HP,2.176861683,32,1000,16.94217069,3.333584759,32993.53209
Dell,3.109998858,32,256,12.95152344,3.513857074,10514.88925
Asus,2.521835428,32,256,16.64763469,2.351840443,10859.96282
Asus,1.563465889,32,512,16.48838669,2.507185335,18310.41381
Asus,1.890381493,8,512,11.06888396,3.055415019,16833.27609
Acer,3.289930572,16,1000,13.70069916,4.285027629,32339.84211
Dell,3.147309855,8,1000,16.8626254,3.521247272,31954.9501
Acer,1.567739981,16,256,11.61872817,3.913705624,9437.652448
Acer,2.054930405,4,512,14.28670817,4.955523665,16879.49194
Dell,2.077686991,32,512,16.87374504,4.304016306,18371.75255
Dell,3.179731859,8,512,14.33297254,3.303084494,16959.08793
Dell,1.549276344,16,1000,12.13889182,3.339325765,31849.94958
Dell,1.760271455,4,512,14.49309938,3.856316231,16691.85388
Asus,3.499790213,4,256,12.22664344,3.996095625,9454.453849
Lenovo,1.946361655,32,256,14.11822558,3.502132778,10327.84384
Lenovo,3.13186527,16,1000,11.44425331,3.934583668,31996.36022
Dell,2.095456953,8,1000,14.63289602,2.070597483,31624.84327
Lenovo,1.748603482,32,512,14.10073963,3.288868592,18295.11865
Lenovo,2.107930477,8,1000,15.44096821,2.836814228,31362.16189
Dell,3.30566733,4,256,14.78420283,2.387523336,9107.981058
Lenovo,3.63924117,8,512,14.29763761,2.298639538,17146.71361
Acer,3.575549661,8,256,15.1386731,3.809576497,9491.272215
HP,2.492958824,32,512,11.86365148,3.570801641,17807.04022
HP,3.170212841,8,1000,14.57215797,2.760752351,32097.51726
Dell,2.012460739,32,512,12.03266362,3.412850176,18042.9556
Asus,2.232869326,4,512,16.55313325,3.476696946,16746.84866
Dell,3.740839546,32,256,11.41000463,2.585026941,11055.04524
Asus,1.532504809,32,256,13.5822485,3.956279186,10462.14184
HP,1.713771327,16,512,15.17478487,4.342758069,17155.73801
Dell,2.019715638,8,1000,13.74813327,4.374390623,31568.08346
Acer,1.56633051,4,1000,11.55257152,3.807409492,31197.89601
Lenovo,1.953588588,32,256,14.3202741,3.534915748,10711.44421
Asus,2.957603902,4,1000,14.84979145,2.183021429,31533.20155
Lenovo,2.553561376,16,256,15.22275387,2.863493897,9478.120505
Lenovo,3.731679278,8,1000,13.23955889,2.27981434,31512.88407
Dell,3.543608904,32,512,14.38195983,4.891469483,18702.47855
Lenovo,2.354543379,8,256,13.70411885,2.405240439,9143.215709
Acer,2.148558584,16,256,15.03233623,2.45532623,9819.84751
Lenovo,2.44923102,16,512,14.5013418,4.668729855,17407.53843
Dell,2.975737356,4,256,14.15453732,4.83178485,9126.589412
Acer,2.170159102,32,1000,12.4971462,4.297487118,32689.03039
HP,3.06037227,4,1000,11.01211111,2.016214771,31828.8301
Lenovo,2.52352913,16,256,12.04449005,2.004038813,9415.942553
Dell,2.880117952,8,1000,11.70239625,3.134302309,31601.43745
HP,2.590316323,4,256,13.69450847,2.43018611,9328.964725
HP,2.236164399,4,512,14.6735489,2.055158426,16523.52327
Asus,3.871133267,8,256,12.27851005,3.392200068,9829.331415
Acer,3.409014485,4,512,16.63434258,4.829185692,17204.64783
Lenovo,1.850282939,8,1000,11.04009278,2.971458725,31515.50299
Dell,3.67116994,32,512,15.63380609,3.983422035,18366.44451
Asus,2.718577996,8,1000,14.75122862,3.956706059,31416.85988
Acer,3.736380567,32,256,13.24132881,2.753240311,10905.97947
Asus,3.49963814,8,1000,11.30293367,3.951275746,32336.20253
Acer,2.563033761,16,256,14.76491943,2.637001923,9790.713629
Acer,1.556173271,16,256,13.31368108,2.366022241,9168.638971
Lenovo,2.171693398,32,512,16.61760284,4.104149857,18277.15254
Acer,2.854085537,32,512,14.25194045,2.340322451,18464.50529
Asus,3.08369555,16,512,16.63790907,4.990727656,17376.01953
Acer,2.144719214,32,512,12.32290216,2.550357203,17980.79593
Lenovo,1.848390185,8,1000,15.35435546,3.782425588,31389.46524
Lenovo,3.587325592,8,1000,14.70349413,3.234123714,31772.92099
Asus,3.961005452,16,1000,15.43644938,2.379159267,32342.70586
HP,2.814225456,4,256,12.28800718,2.083531723,8995.589696
HP,1.929198215,8,1000,14.9899671,3.868196847,31299.78947
Acer,2.180768316,32,1000,13.98824236,4.420272691,32806.59086
Dell,1.545976691,4,1000,15.45694985,4.526046985,31236.54146
Acer,3.785747016,4,512,12.96226786,3.448140419,16954.665
Asus,1.794377707,8,1000,16.34034215,4.332366402,31558.99666
Asus,2.941291189,8,256,11.50580789,4.0185414,9054.15384
Asus,2.185138052,4,512,15.84313591,4.172763582,16824.80328
Asus,2.885445006,4,256,16.16791775,3.477797016,9162.531746
Asus,3.128550971,16,1000,15.90351387,3.900235221,32252.67601
Lenovo,3.574354509,32,512,14.07635837,4.416577741,18492.16211
HP,2.016053179,16,256,13.63030988,3.193652527,9850.110564
Asus,1.527489572,8,1000,16.97757372,4.417936703,31521.46091
Dell,1.842214075,16,256,12.37503171,3.776050528,9771.52671
Dell,3.750046605,16,256,14.2812558,2.497703073,9926.274778
Dell,3.684725194,16,256,15.02405315,2.074052472,9941.850074
Dell,2.993532755,16,1000,15.20520582,3.088260801,32153.74242
Lenovo,3.001292151,32,1000,12.22414799,3.640088985,33063.16548
Dell,3.162591686,32,256,14.92396455,4.519461057,10791.99483
Asus,1.938428197,4,512,15.9102174,2.38245704,16769.07979
Acer,3.786029865,8,512,11.30011146,4.400619043,16953.65494
Dell,2.546926312,16,1000,16.46912776,4.589027138,32215.48938
Lenovo,2.457846321,4,1000,11.17702433,2.452062461,31218.3082
Lenovo,2.797294263,4,1000,13.13582619,4.554782958,31293.44807
Dell,1.617414917,4,1000,11.09487918,4.974360704,30967.93994
Acer,1.915708422,32,1000,11.46287101,4.180516493,32653.9602
Dell,3.345084041,16,512,16.46700971,4.354309045,17857.15877
Lenovo,1.70699667,16,1000,13.12916498,4.983245803,31661.07807
HP,3.007880274,8,256,13.54862918,3.816443752,9750.099392
Asus,2.113372774,16,256,12.29206629,2.923659146,9801.241334
Lenovo,2.473239035,16,512,14.58257462,4.512592502,17108.25296
Dell,2.221734342,4,256,14.56881929,3.843457333,9000.733644
Asus,2.389181791,8,512,13.23320235,3.743586271,16757.01449
Dell,3.297614763,16,512,12.99820923,2.760906667,17684.86916
Dell,2.242804289,32,256,16.30978585,4.269002809,10314.43388
HP,2.916011601,16,1000,13.29970544,2.245001828,31802.52252
Asus,2.690126005,4,256,13.96100595,4.772861212,9084.371553
Asus,3.159177913,32,256,12.69982857,2.977470382,10869.93627
HP,3.842074348,4,512,15.72061702,2.383323958,17080.49073
Lenovo,3.331430243,16,256,13.38468894,3.327099599,9960.397604
Dell,2.037350946,32,512,14.08166628,2.127409728,18215.27564
Acer,1.577957838,8,1000,12.52014302,4.053878583,31123.00052
Dell,2.155660111,8,1000,16.92595755,4.708116531,31442.69518
Dell,2.987694827,32,1000,12.74897445,4.511789021,32908.6934
Lenovo,1.628564534,32,256,15.62445519,2.38210842,10282.90993
Dell,2.740915618,4,512,13.5649739,2.378813411,17196.58538
HP,2.992107122,32,1000,12.23730443,4.440303447,32653.1
HP,2.335609727,4,512,15.79831258,4.772762824,16613.50855
Asus,3.427280509,16,512,13.00164073,3.38200949,17629.77767
Acer,1.766495633,4,1000,16.19116008,3.496913351,31216.57453
Dell,1.687844454,32,1000,16.49154311,2.954786124,32159.48537
Dell,3.320471891,32,512,16.15894301,4.682795355,18787.38153
Lenovo,2.738728291,16,1000,11.21004749,3.934708716,31817.73844
HP,3.221005991,32,512,15.72424007,2.864754732,18502.217
Acer,2.587068347,32,512,13.4680368,2.896348613,17967.13268
Asus,2.116005083,8,1000,16.24233752,4.673600219,31428.70478
HP,3.547755794,8,256,14.82772558,2.040902072,9241.110049
Asus,3.498539697,16,1000,16.0018588,2.968179718,32141.82464
Lenovo,3.236741177,4,256,13.99659062,3.663070044,9141.792984
Lenovo,2.180362843,8,512,14.21015303,2.444652386,16929.31597
Dell,2.975576667,4,512,11.86632579,2.276296263,16795.16512
Acer,2.402434742,32,256,15.70392415,4.445828993,10241.80318
Asus,1.728955183,8,512,13.51633767,4.683213166,16724.50569
HP,3.793283939,16,256,14.00048071,4.470819262,10263.36034
Lenovo,1.842046577,16,256,15.71058628,4.696363669,9881.335514
Dell,3.875593385,16,512,14.5930724,3.659335913,17781.52417
Dell,2.615014432,8,256,12.20659236,4.436774363,9435.386839
Asus,1.962832322,4,1000,14.54139595,3.152127915,31764.03766
Lenovo,2.854752368,32,1000,13.44579715,3.998803584,33014.12791
Acer,3.68236459,4,512,13.81715325,4.966506594,17151.98889
Lenovo,3.330562216,4,512,11.16986765,2.677183172,16609.82136
Asus,3.51640287,32,256,12.2601761,3.169699239,10474.26099
Asus,3.146958417,32,256,12.68622849,3.440142132,10622.17677
Lenovo,3.230691411,8,256,15.27776005,2.414046461,9346.064574
Asus,3.622989129,8,256,11.06895484,2.243115831,9303.954707
Lenovo,2.124170022,8,1000,13.45266357,4.489168599,31372.50378
HP,2.723562409,8,1000,16.54416122,4.930383118,31441.57775
Lenovo,2.053023605,8,512,11.6712837,3.214175191,16713.61175
Lenovo,3.96917002,32,256,14.09854633,2.262949509,10901.06255
Asus,3.860148349,4,256,15.71913429,2.197435282,9803.702788
Asus,1.598567028,8,512,16.65518785,4.673954619,17025.47405
Dell,3.263937931,8,256,15.48065984,3.391442749,9635.717453
Dell,3.813120794,4,256,15.32339329,2.96008195,9094.784528
HP,1.951438363,8,256,15.95892854,3.429383814,9279.031746
Dell,2.919863076,4,256,13.67720733,2.954912284,9194.575658
Lenovo,3.788720744,4,256,15.8350672,3.467107326,9477.922639
Asus,1.584864946,32,512,11.04778643,4.578669191,17880.00453
Dell,3.243550668,16,256,16.54736633,3.776904113,10254.30377
Dell,2.243372518,32,512,13.65983906,4.083961318,18151.58677
HP,3.810990488,16,256,14.32028113,3.094012029,10027.70827
HP,3.927645613,16,1000,12.52929349,4.215517636,31901.47177
Lenovo,3.860666223,16,1000,15.455185,3.999851255,32319.9033
Asus,2.685535542,8,1000,11.45981484,2.358685993,31872.56842
HP,3.655106627,32,1000,16.23581482,3.717928559,33229.67346
Dell,3.611373496,16,512,15.96870097,2.770230489,17242.82823
Asus,2.297751183,4,512,12.2963607,4.412287009,16631.41957
Asus,3.572288685,8,256,15.85594639,3.277813125,9925.178427
Dell,1.592519087,32,1000,15.7181464,4.984052496,32652.89808
HP,2.990674696,16,512,14.79329959,2.277501314,17595.70911
Dell,2.075022093,4,256,13.24112106,4.341043588,9340.218261
Asus,1.801417214,32,256,12.62899253,4.021105201,10321.72941
Acer,1.692383004,32,512,12.39070154,4.302496492,18161.47164
Acer,3.24072194,8,1000,12.91165378,2.922589386,31859.43075
Lenovo,2.349687409,32,256,16.42135066,3.476163468,10668.63263
Dell,3.311916929,8,1000,11.46584466,4.389525559,31823.64815
Dell,1.663390852,16,1000,15.97322766,2.697623995,31815.64051
Lenovo,2.288225845,8,1000,13.09334045,2.67809959,31503.17147
Lenovo,2.848728231,4,256,14.12959638,3.65315286,9024.890809
Lenovo,3.476807912,8,1000,15.7669138,3.570690739,31547.05113
Asus,2.296881257,4,256,16.30625928,2.846787411,9385.939545
Dell,3.064728441,8,1000,13.06868852,2.894226952,31747.39378
Asus,3.714944371,32,256,13.77106089,2.83353549,11008.90677
Lenovo,3.03965797,16,1000,13.48709639,4.314536186,32447.60269
Dell,2.082398687,4,512,11.0795062,3.955702597,16669.19633
Asus,1.561001954,8,1000,12.77565733,4.49725155,31160.0432
Asus,3.675247185,8,1000,13.7551354,4.926419085,31821.65032
Lenovo,1.553173527,8,256,13.46656165,3.422492889,8991.512288
Dell,3.686754182,32,256,15.33157537,2.200081644,10405.95144
Lenovo,2.822342835,32,1000,13.3088217,2.144276931,32808.85645
Dell,3.847669246,4,512,13.93625869,2.886995118,17065.08163
Acer,3.496958089,4,512,13.57765155,4.797633768,16854.30343
HP,3.994835276,32,256,15.44375689,3.569639165,10697.83678
HP,2.376779539,4,512,16.17783439,2.815359548,16575.25184
HP,3.417970722,16,1000,14.19133447,3.197500384,32274.63026
Lenovo,2.504827284,16,256,15.73659317,3.795785322,10131.59332
Acer,2.699689051,32,1000,12.78072009,3.958848974,33111.6885
Dell,3.068763658,4,256,14.24821766,2.461758529,9384.824877
Asus,3.684192785,8,256,13.07137972,4.93109503,9664.037025
Dell,3.960208673,16,256,13.48520555,3.634316681,9978.87405
Asus,3.420683535,32,256,15.39448319,2.407064953,10387.05309
Dell,2.544416955,4,512,16.28997489,4.68090576,16773.98749
Acer,2.553392506,32,1000,11.72897235,2.223915293,32629.16326
Asus,3.343955754,8,1000,14.80783554,4.7232063,31848.65515
Lenovo,2.096942864,16,1000,14.49286285,4.989696969,32205.9918
Dell,1.776185283,32,256,11.71049024,4.101295397,10723.11583
Dell,2.386555394,32,512,12.27136598,4.311341663,18152.54919
Asus,2.218097479,32,1000,12.86601497,3.011908509,32437.38944
Lenovo,2.240770301,8,512,12.00158642,4.824730558,16912.47369
Lenovo,2.084019378,32,256,12.4623769,3.589141898,10428.13123
Acer,1.605232974,8,1000,12.60560479,4.19716534,31566.95581
Lenovo,1.544684837,8,512,13.014043,4.772323148,16777.65549
Lenovo,3.969305974,8,256,15.49634272,4.925539928,9647.836305
Lenovo,2.569432834,16,512,14.43147322,4.49961307,17291.10775
HP,2.460816618,16,1000,16.91748003,2.909052521,32039.042
Acer,3.199118207,32,1000,13.48841496,4.89964255,33063.242
Dell,2.04563472,32,256,15.52319044,3.884358594,10059.05042
Asus,3.87490296,16,256,16.22881053,4.791927429,9968.179815
Dell,3.465862536,4,256,15.07387096,4.028315077,9471.946769
Acer,1.723527506,16,512,13.47118844,2.921716886,17573.05789
Asus,2.543951939,8,512,15.52156778,3.110073572,16968.45372
Acer,3.697795769,16,512,12.22200283,3.651415331,17844.55901
Lenovo,3.861830056,8,256,12.96531299,4.370044525,9905.976595
Asus,2.668503778,32,1000,14.28011153,2.953947654,32812.68703
Lenovo,3.033528473,4,1000,14.45245632,3.739193498,31446.72118
Dell,1.917584865,32,512,11.13284885,3.036874981,17999.39031
Dell,3.977921565,8,512,16.67068513,4.447308214,17328.13458
Asus,2.079179253,8,1000,15.17976363,3.400184281,31803.59381
Asus,3.856829435,8,1000,13.9742225,2.230168481,31773.80362
Acer,3.124116622,4,512,16.59876341,2.498157564,17299.4301
Acer,3.019341987,16,512,13.63457339,2.183314003,17354.57521
Lenovo,2.781721278,32,1000,16.88261342,3.497908838,32706.13245
Asus,2.076674529,32,256,14.07370854,2.319011892,10558.3744
Dell,1.94132008,16,512,11.68571462,2.342419908,17504.6662
Acer,2.051215523,32,1000,15.58880583,4.82314478,32809.51887
Acer,1.966095655,4,1000,15.07338635,4.617965217,31435.52409
Dell,3.448961184,32,1000,15.63792033,3.35625979,33459.84749
Acer,2.375313148,8,1000,16.70865217,4.957415963,31908.59207
Lenovo,1.644606691,16,256,15.65893582,2.000559585,9608.279542
Asus,3.922756575,4,1000,14.66801961,3.841938369,31653.26295
Dell,3.709464712,16,512,16.14385341,3.849284532,17905.28894
Asus,3.819380708,4,256,15.03947864,3.372329168,9576.799205
Acer,3.987269557,8,1000,13.44871434,3.190843919,32018.2351
Acer,1.934738123,16,256,16.31371859,3.366149406,9594.157765
Dell,2.490605047,32,512,12.33140276,3.244881308,18157.02232
Lenovo,3.395596189,4,1000,15.28784765,4.191477432,31613.4575
HP,3.240051545,16,512,16.28938073,2.406066305,17547.6635
Dell,1.884739766,32,1000,15.38789912,2.592917662,32638.54713
HP,3.539582812,16,1000,15.18365251,2.541554685,32339.21379
HP,2.06110143,16,1000,15.51582976,2.787411755,31865.3997
Lenovo,2.059544037,16,1000,13.79033149,3.575775256,31987.43352
HP,2.842436057,4,1000,16.24502409,2.333626242,31150.07678
HP,2.982349837,32,256,12.22061885,4.604507886,10454.86243
Lenovo,2.95021552,8,1000,11.7643185,2.892084594,31916.07447
HP,1.728717093,4,1000,12.71305268,2.487613962,31095.04249
HP,3.693652157,4,256,14.18946438,4.026863929,9480.671472
HP,2.164000106,4,256,14.06337077,2.114258902,8909.468098
Dell,1.823787303,8,256,15.92359255,3.859905695,9379.787386
Dell,3.7218702,32,256,13.42741194,4.094595292,10692.55454
Dell,3.889128746,32,256,13.90606656,2.644749594,10742.17026
Lenovo,3.655319043,32,256,11.0802061,2.12589222,10722.2793
Acer,3.523790187,16,1000,13.45843542,3.090936077,31974.33199
HP,3.138104952,16,1000,14.8866454,2.295782691,32396.81424
HP,2.877143427,16,512,11.09304998,2.349433549,17694.48204
Lenovo,1.7174669,8,1000,12.68529179,2.762783694,31397.56508
HP,2.521133033,16,1000,12.24773816,2.886403774,32125.15817
Dell,2.431721293,8,256,11.25191257,3.589911023,9411.265536
Acer,2.149384459,32,256,13.87556054,4.035175657,10428.78484
Asus,3.308550284,16,1000,12.09033976,3.778312823,31944.08429
HP,2.739689338,16,512,15.45848924,2.445081012,17811.47327
Dell,1.70261554,4,256,16.0875673,2.516258097,8938.607532
Asus,2.050458005,8,1000,14.2735111,4.636307749,31427.37179
Acer,3.208146909,32,1000,16.89024406,3.675056945,33370.44208
Asus,1.690327149,4,512,13.70287143,4.609813499,16748.03648
Dell,3.628017285,4,512,14.08020926,3.114639534,17087.54726
Asus,2.737866318,32,256,16.93530652,3.843200022,10433.69526
Lenovo,2.701466443,4,512,12.38929062,3.570990248,16972.93001
Asus,2.981019462,8,1000,16.65527564,2.957370469,32379.03942
HP,3.561702415,8,1000,11.25702533,3.409746116,31979.48506
HP,2.36952302,16,512,13.67832134,3.50747263,17471.614
Lenovo,3.195040381,4,512,11.42002107,2.602312924,17045.60393
Dell,2.91432991,16,512,15.37540846,2.945031117,17455.30077
HP,2.167570675,4,512,14.65045362,4.374229252,16675.25077
Acer,3.696574966,8,256,15.23980558,4.747364718,9506.548361
HP,3.493565054,8,512,13.2468824,3.079382281,17077.86684
HP,3.146129587,8,256,13.2168916,2.920916847,9373.865608
Dell,3.626454323,4,1000,11.27191567,2.585591494,31553.45182
Asus,3.668235502,8,512,13.09966964,4.035473506,17166.34886
HP,3.270907442,4,256,16.57573041,2.969299105,9281.467499
Lenovo,3.592533321,16,512,13.27535922,4.963248617,17642.98373
Asus,3.243678654,4,1000,15.98820624,2.977054406,31654.48792
Acer,3.200351929,16,1000,16.05395303,3.18240814,32262.79786
Dell,3.046528446,4,1000,13.23944694,3.810002589,31840.45411
Acer,3.381791599,16,512,14.79193208,4.40505288,17603.49328
Asus,1.896512763,8,512,11.57222961,3.408555996,17278.83978
Asus,3.702176898,16,256,11.62207148,3.267968101,9990.735036
Asus,3.679608819,8,1000,11.29194598,4.986913501,31722.43963
Acer,1.573118208,8,512,14.48609056,2.031480923,17113.94729
Asus,3.564541876,16,1000,13.55642587,4.685195867,32221.27948
Acer,1.822174669,4,1000,14.28819414,2.447422478,30846.98776
Asus,2.337797136,4,256,14.12643914,4.357775829,9085.709823
Lenovo,3.358770641,32,256,13.10121795,3.85379468,10625.40537
Asus,1.90189974,4,256,15.06484049,3.025541856,9352.730816
Acer,3.54491756,32,256,15.55101129,4.621624867,10574.27415
HP,3.580335445,4,1000,11.08776955,2.038721684,31550.9043
Asus,2.768669334,4,256,12.2434538,2.680071956,9405.330099
HP,1.515964679,8,256,15.27941521,3.700678389,9230.656163
Lenovo,2.217595333,32,256,13.31972104,3.05462678,10425.07585
Dell,3.042317296,4,256,14.97490368,3.831132486,9098.353075
Lenovo,3.952965445,32,1000,13.08177596,2.07233058,33201.85445
Asus,3.079533818,8,256,13.34453091,2.349376791,9433.443385
HP,2.149508953,8,1000,11.95207324,2.381288721,31391.56452
HP,3.085014258,32,512,12.54938612,2.567850938,18159.14276
Acer,2.849963449,8,1000,14.63247055,3.377994322,31565.96773
HP,3.449613488,16,1000,13.59897867,4.256386099,32020.82729
Acer,1.767451597,16,256,15.6458161,4.716616514,9786.047228
Dell,3.402569756,8,512,16.11550973,4.506117591,17377.64164
Asus,2.853166447,16,512,14.24987851,2.590663615,17676.85911
Acer,3.90748001,4,512,15.54960375,3.323451657,17120.15347
Dell,2.354680415,32,512,12.84142708,2.598234793,18113.25652
HP,3.081554733,4,1000,13.48982729,2.79341545,31513.29692
HP,3.830070264,32,512,15.27666606,3.510640945,18700.66128
Dell,1.75627432,8,1000,13.31727196,2.204327074,31131.52747
HP,3.843071218,4,1000,14.53102961,2.654522989,31629.79239
Dell,3.219714306,8,1000,12.11223667,4.806134484,31560.65712
Acer,1.669592648,8,512,14.59862789,3.398348878,17123.88511
Acer,2.252408917,32,256,16.16908224,3.336159578,10425.01033
Dell,3.270430222,32,256,16.21183784,2.043701464,10410.68802
Acer,1.668376504,32,512,15.34606644,2.742199241,18117.85937
Acer,2.95542615,4,256,15.47452027,4.598877308,9160.564024
Acer,2.364707642,16,256,14.34756467,2.493885285,9603.568208
Lenovo,3.052288794,32,1000,14.50800854,3.245374819,32836.15779
Asus,1.614355085,32,1000,11.80190349,2.042992718,32498.5822
HP,3.678842015,4,512,13.66315513,3.435006445,17176.3935
Lenovo,3.933722423,32,512,13.7046577,2.06306332,18544.96448
Acer,3.922194638,4,256,16.75098701,4.458828659,9415.27723
Dell,3.374129579,8,1000,13.58652118,4.474561302,31582.16295
Acer,1.8252156,32,512,14.29605587,4.363226565,18033.55331
Asus,3.39565799,32,512,14.1995084,2.850092207,18446.74642
Acer,1.561467291,8,512,14.8205703,4.511711655,16883.31864
Dell,1.555308879,8,512,15.48939699,3.628994398,16876.73665
Asus,2.309025548,8,512,12.35025126,3.121424327,16753.07736
Acer,2.721607976,32,512,14.17234651,3.875989879,17768.37331
Asus,3.426018545,16,256,15.95550624,2.037023138,10323.86735
HP,3.208238442,16,1000,13.77868828,2.428882633,31931.00525
HP,2.614756766,16,1000,12.67074528,4.226880615,31641.10586
Acer,2.184066666,32,512,14.92825445,2.732484826,18194.1567
Asus,3.99281125,8,1000,15.94260437,3.794027352,31637.77036
Dell,2.565453256,32,1000,11.37884176,3.155307808,32648.15466
Acer,2.628467561,8,1000,15.6607429,4.564417336,31803.03428
HP,1.909059553,32,512,15.9298876,4.857245918,18466.37466
HP,3.487023872,32,512,13.76913757,4.650694185,18463.78295
Acer,3.234205564,8,1000,16.89983394,2.811859984,31768.88734
Asus,2.051924032,16,1000,15.72025004,2.582488607,31988.68101
HP,1.705952614,8,512,15.64197539,3.423304681,16518.07979
Asus,3.201248255,4,256,15.48703145,2.022002453,9219.619834
HP,3.136278036,4,1000,11.90364862,2.077428179,31454.59798
HP,2.183148817,8,256,12.30338532,3.659871919,9256.764483
Lenovo,3.877158906,32,1000,13.78394079,3.561348212,33503.93504
HP,1.877644729,4,256,12.5840261,4.983745967,8570.01295
Dell,2.580837003,4,256,13.49144583,2.605525506,9058.40554
Acer,3.8590398,32,256,16.33078466,2.774311787,10483.97863
Acer,2.549318292,32,512,15.94596135,2.340621927,18164.70385
Asus,3.096314869,16,256,14.78023927,4.752629029,9674.421041
HP,2.493985995,32,256,16.14872237,4.333433733,10259.56805
Dell,2.185538006,8,256,15.70263433,4.467017334,9469.108521
Asus,3.95994412,8,1000,13.57390959,4.708291364,31967.51364
Lenovo,2.523335016,16,256,12.20639091,3.57469996,9852.218948
Asus,3.735248009,4,1000,14.08520624,3.353579574,31588.88717
Asus,2.074886515,4,256,15.4173733,2.991174421,9059.269729
HP,2.03276176,32,256,13.61851759,3.767643843,10740.17439
Lenovo,1.577835207,8,512,15.00063146,3.36283519,16841.40728
Asus,3.129167063,4,1000,11.56596456,3.35469676,31685.19705
Dell,2.421315859,16,256,15.48802842,4.810783591,9602.424644
Dell,3.660895625,16,1000,15.87628172,4.952094543,32443.38728
Acer,2.683024767,8,1000,15.24102713,4.389453168,31587.74709
Lenovo,3.92048357,16,512,16.80358153,4.270274271,17358.18113
Lenovo,1.963813789,16,512,15.95991234,4.041674485,17330.02768
Acer,3.67155792,8,512,16.41856237,2.498224557,17203.63996
Asus,3.441492132,32,512,16.6014265,2.177317463,18133.59751
Lenovo,3.427304612,32,512,15.80808795,4.072178945,18459.19946
Dell,3.61195807,16,512,15.04555305,4.186358667,17462.73379
Dell,3.402559977,32,512,11.03431149,2.140918973,18958.31729
HP,3.065550804,32,512,13.79495452,4.784155251,18008.27925
Lenovo,1.828112194,16,256,14.42697379,2.273421918,9368.842707
Asus,1.581315449,32,1000,12.82418163,2.857701601,32818.07993
Acer,3.80211962,16,512,12.90862668,4.017169438,17611.82039
Acer,3.041625786,4,512,16.76695649,2.509617783,17148.40857
Asus,3.491343227,8,1000,16.35026519,2.166247665,31979.68968
HP,2.703805879,8,256,16.09507403,2.993439467,9296.266836
Acer,1.793270472,32,1000,13.43607081,4.297914725,32408.57788
Lenovo,1.812964481,32,1000,11.0821913,3.241036037,32866.04298
HP,3.213913218,32,512,11.48133348,3.958918766,18035.13009
Lenovo,2.575764737,8,1000,12.87317821,3.738857292,31747.00913
Dell,2.001311817,4,1000,11.09445748,2.066655446,31485.28471
HP,2.728986367,4,512,11.10289869,4.965619961,16752.81549
Acer,1.660522343,8,512,16.49961981,2.124284266,16840.02451
HP,2.954928505,4,512,15.23695101,4.903408213,16709.94542
HP,2.172483511,8,512,12.85373594,3.649592535,17007.62404
HP,3.493897752,4,1000,11.79586747,4.889477081,30976.61636
HP,2.275904897,16,1000,14.06981431,2.344260798,32156.27993
Lenovo,2.638050373,16,256,11.03207697,3.471225558,9717.434626
Dell,1.52905135,8,256,16.63048246,2.508512276,9148.771657
Asus,1.681117219,4,1000,13.48889072,2.152924631,31332.93247
HP,2.481233891,32,256,13.41400973,3.852587345,10231.28982
Acer,2.699847087,4,1000,13.34356165,2.623350263,30998.00861
HP,3.00005137,16,256,11.41596998,3.763091055,9864.413777
Acer,2.229156447,16,512,14.82993344,2.337093446,17642.36826
Lenovo,3.237454715,4,256,15.39802172,2.995959414,8957.611389
Acer,3.650305993,4,512,15.05675239,4.344897674,16837.25125
Asus,3.449627472,32,512,11.83061296,3.311154566,18503.89119
Dell,1.599047063,32,512,14.47304101,3.883236245,18102.21582
Acer,2.701267368,4,512,14.41690691,3.942373822,17441.78956
Acer,1.762325446,4,256,16.21046473,4.531265132,9226.493226
Dell,2.10511254,4,1000,13.27476595,2.974768383,31523.85504
Asus,3.966656483,4,512,13.22891566,4.061886688,16924.533
HP,1.856238857,8,256,14.71116235,4.884847421,9301.583704
Acer,2.747220384,4,512,14.79843592,4.190730003,17162.58823
Dell,3.045389336,32,256,13.81571136,3.46961143,10597.81783
Lenovo,3.256162426,16,256,13.65835617,3.892152333,9842.035171
Dell,2.899121709,8,256,13.96488602,4.219048693,9425.202281
Lenovo,1.524427119,4,1000,16.1662718,3.836827297,31156.94285
Asus,2.316153271,16,256,13.76700141,2.05002744,9751.863111
HP,2.794279108,8,256,16.63959075,2.584320493,9494.598859
Dell,1.719666248,16,1000,14.02402258,4.431404652,32176.09694
Acer,2.376567328,4,1000,16.69520416,2.817951942,31443.15954
Asus,1.583007772,4,256,15.99699141,4.194686359,9109.540228
Dell,1.696446243,32,1000,13.17458794,3.116360646,32639.70434
Acer,2.492308191,4,512,16.18184853,3.565652984,16974.39397
Dell,1.831789385,4,512,11.66037971,2.203919899,16587.51458
Lenovo,2.918852121,8,1000,16.55028305,2.543676683,31904.03392
Dell,3.223662423,32,1000,14.78986109,4.871590891,33137.46096
Dell,3.501466748,8,256,11.32634449,4.67041416,9246.784871
Dell,2.000375611,16,1000,14.86554034,3.956825333,32178.29276
Asus,1.918706456,4,256,16.84548592,3.378933792,9033.566194
Dell,1.761419601,16,512,11.41880393,4.027283879,17106.42782
Acer,3.091075624,8,1000,14.32812626,3.855830867,31624.21772
Lenovo,3.266189316,4,256,15.4867661,3.705656767,9365.556673
Lenovo,1.578965362,4,256,15.86155152,2.177531216,8990.324453
Dell,3.840530616,8,512,13.48296479,3.898407832,17332.94278
Asus,1.629928209,8,1000,12.22499936,4.306760134,31505.46218
Asus,2.853240838,8,512,11.25405367,4.982244964,17127.62372
Acer,3.272651299,8,256,14.47835694,2.033235658,10059.02187
Dell,3.677422809,8,256,13.71746642,4.19052036,9555.867038
Lenovo,3.28521733,4,1000,16.69246637,3.715367948,31506.82444
Asus,3.504320208,8,256,11.36362945,3.302156528,9071.152399
Dell,2.348625481,4,1000,15.11237206,2.382710524,31209.08207
Asus,3.537062784,4,512,11.14979733,3.227255446,17205.20568
Asus,1.700287116,8,1000,12.02860506,3.063131549,31593.98311
Lenovo,3.73704164,8,1000,13.721474,2.908489667,31622.7557
HP,2.86898094,32,256,13.72923466,4.19263887,11079.29698
Acer,3.543244425,4,256,15.11420326,4.102176564,9415.26408
Acer,2.630795711,8,1000,16.46127821,3.767060273,31809.77745
Lenovo,3.108944238,8,256,14.83419295,4.81599444,9899.157798
Asus,2.816006652,8,256,16.72121059,3.049563153,9795.021055
Dell,3.328973804,32,256,16.28969384,2.731405813,10900.50207
Asus,1.704074955,32,1000,14.50699877,3.967709939,32857.12066
Lenovo,1.65088021,16,256,16.00275171,2.596442183,9788.823674
Acer,2.117758085,4,1000,14.85546566,2.945031522,31343.01719
Asus,1.8988617,16,256,11.47134699,2.67380732,9619.819786
Acer,3.679458916,8,512,15.44338834,2.207460703,17397.54904
Dell,2.048034968,32,256,11.56945065,4.482496225,10350.81453
Acer,3.93966314,32,256,14.56449668,2.763621629,10638.50244
Acer,2.342239479,16,1000,15.21584124,3.41908251,31985.34782
HP,1.955294789,32,1000,11.39916565,2.12994582,32500.15629
HP,3.474246268,8,256,12.38476792,4.098018399,9494.438942
HP,3.146769439,32,512,16.49403339,2.991683007,18033.2263
Acer,2.745489291,16,256,14.69788695,4.234210183,9848.921198
Lenovo,2.888408877,8,256,12.47771611,3.237209181,9048.609107
Acer,3.298004446,16,512,15.14407863,2.587266819,17515.91518
Lenovo,2.071136853,32,1000,14.58065852,3.539525247,32871.2655
Lenovo,3.99083479,16,256,14.0094542,2.391513679,10192.67025
HP,3.936982905,16,1000,16.85712185,3.32161748,32525.79469
Asus,3.125814216,4,1000,15.10072266,2.951916432,31661.60492
Dell,1.998856127,32,512,13.25264666,4.735878753,17853.61071
HP,3.200570606,32,512,15.80044059,2.182786165,18590.41674
HP,1.680496022,16,1000,16.30749976,4.082052242,31702.1484
Asus,1.576631256,4,256,11.75132336,2.548253498,9123.785347
Dell,2.144207221,32,1000,12.20331787,2.957135223,32868.8774
Acer,2.656557392,8,256,12.29736205,3.246542189,9596.573601
Acer,3.670681264,16,256,15.14727086,4.724045268,9974.814914
HP,3.317922674,32,512,14.61823733,2.727734798,18224.91911
Dell,3.356766303,8,256,14.71394939,2.273926408,9264.362479
HP,2.563733336,32,256,16.6446398,2.956068812,10359.76291
Lenovo,2.364837481,8,1000,15.6554692,2.314027912,31335.58165
HP,2.427596907,16,512,11.76762155,2.385789458,17545.4145
HP,3.969123909,32,256,13.08504249,3.721551794,11011.7935
Acer,1.600272979,32,256,13.61236188,2.182705799,10461.21476
Acer,3.66757874,4,512,13.37576953,2.092792644,17033.49503
Acer,2.946688521,16,1000,15.01585165,4.143242304,32560.4142
Lenovo,2.596538548,8,512,16.35135862,3.084941285,17055.85577
Acer,3.313144151,32,512,12.83630878,2.376126048,18399.77711
Dell,2.716672354,32,256,14.31126282,2.760838313,10572.38104
Asus,3.683558095,8,256,15.73645653,3.926259522,9524.516541
Dell,3.75175466,16,1000,13.49730835,2.826609701,32418.2259
Dell,2.554302317,4,256,12.00870877,3.483563375,8969.499667
Acer,2.192069493,4,256,13.84970579,2.36508592,8931.64159
Asus,2.980875821,32,512,11.33133512,3.764280913,18381.45293
Asus,3.780908364,8,256,16.65430072,2.948233052,9540.263683
Asus,2.026655473,32,1000,11.44892723,3.880905304,32722.19699
Lenovo,3.057416459,8,512,13.63074029,4.425184647,17031.58063
Acer,3.07890055,4,1000,14.17928757,3.834939258,31558.70621
Asus,3.332782556,16,512,16.91182299,2.887242688,17501.26272
Lenovo,1.828919213,8,256,11.99613094,2.767231105,9029.9164
HP,3.289562412,4,512,11.68658911,2.982262876,16757.87521
HP,3.772581302,32,512,11.05223688,2.49386154,18579.2884
Lenovo,1.949207772,8,256,11.93342862,2.543515553,9217.451938
Lenovo,2.093858312,16,256,12.24363787,4.372073306,9783.633852
Acer,3.928487735,32,1000,14.78348565,3.15419773,33354.9026
Acer,1.952442382,32,1000,12.31824074,3.307985542,32611.79057
HP,3.635962733,4,256,11.12312489,3.782148397,9468.150557
Asus,2.730694641,8,256,15.95971007,3.768960485,9404.81938
HP,2.118077686,32,256,13.19357421,2.202130615,10413.73101
Asus,3.676874753,16,512,13.12218012,4.494622359,17863.34575
Asus,2.613263138,8,512,12.81487418,2.53197966,17124.38401
Acer,2.787043385,16,512,16.85223966,4.169214908,17442.27647
Dell,2.398083423,32,256,12.0206925,4.318012964,10554.60907
Dell,2.982377129,16,1000,16.38942838,4.144698602,31929.67448
Lenovo,1.908809681,4,256,15.66081999,3.73693294,9087.071603
Acer,2.477703842,16,512,11.45887973,2.043826991,17064.36178
Asus,3.923530806,8,512,16.92037461,3.081126477,17155.42246
Dell,2.145333582,16,256,12.62819578,3.814518288,9740.413389
Asus,3.141841661,16,256,11.59149756,3.162353888,9274.525545
Dell,2.312975161,4,512,15.9758854,4.590439685,17156.71072
Dell,3.433682814,16,512,15.2400532,2.926406826,17789.1721
Dell,1.827184152,16,512,14.70331284,2.880604377,16922.99042
Acer,3.924552613,32,256,11.93588518,2.797993079,11255.34802
HP,2.634473853,32,512,13.8709767,2.998342607,18769.15166
Asus,2.090126158,8,512,15.68333616,3.672214893,16918.87147
Acer,1.683741868,32,1000,12.82174363,4.121045883,32466.67497
Acer,1.924394763,32,256,12.87013897,3.987703753,10719.66541
Acer,2.799434871,32,1000,11.01884544,4.42315346,32767.27432
Acer,2.342507941,32,1000,12.04546041,4.657741986,32795.04128
Acer,3.572208415,4,512,16.25243375,4.448237127,17298.46593
Lenovo,2.577218809,32,256,13.65047895,2.05683621,10517.18269
Asus,2.121785681,4,512,16.905407,4.207753861,16732.17689
Acer,3.042862467,4,256,13.37424778,2.625198721,8975.326466
Asus,3.266943042,32,1000,15.29111873,2.398784128,32909.11452
Lenovo,1.91760477,16,256,12.69151426,3.915466354,9526.042606
Lenovo,1.919048041,4,512,13.18285785,2.959229586,16430.16183
Asus,1.591678567,16,512,12.14435593,2.17135149,16969.92215
Dell,3.341005038,16,512,13.08237421,2.412889203,17572.43986
HP,3.159511319,32,256,14.28342512,2.002788251,10307.60205
Dell,2.686577189,8,1000,16.95063729,4.709670882,31553.39887
Dell,3.610426122,32,1000,14.98521028,2.073853952,33489.96969
Dell,3.514175382,8,256,12.19547573,2.628367309,9431.367188
Acer,2.963385911,8,512,11.26976865,3.248788342,16951.43999
Lenovo,3.670678201,32,1000,11.75813889,3.069713978,32968.61211
Dell,2.014603025,32,512,14.37533121,4.735177631,18036.24498
Lenovo,1.779799048,8,256,15.59096197,2.120866837,9341.544155
Asus,2.174374029,32,512,16.64251524,3.536644123,18293.3319
HP,1.64271714,8,1000,11.09493903,4.041438388,31331.87614
Asus,2.82792382,16,1000,14.13656085,4.795093921,32057.59756
Asus,3.841514231,32,512,13.82520414,3.861113756,18728.75041
Acer,1.598358852,16,256,14.93633013,4.411265708,9252.224765
HP,1.805274785,4,512,14.35747313,2.251174814,16674.17627
Asus,2.630497571,16,256,15.1222349,3.157818533,9804.015335
Asus,3.834687544,16,512,14.94849551,3.121841403,17539.35243
HP,2.290390262,8,1000,11.70207035,4.658864649,31522.50349
HP,2.768087022,16,256,15.79830748,2.454113514,9642.707127
Asus,1.603932148,32,256,11.73939545,2.455658517,10438.45157
HP,1.870858002,8,256,15.19118375,2.98567445,8960.4972
Asus,3.966575307,4,1000,13.49687221,2.163398142,31954.08526
Asus,3.912796741,32,512,14.08310441,2.547374122,18484.08666
Acer,1.512349952,4,1000,16.41978809,4.895628916,31192.30269
Dell,3.879529464,16,256,16.33930236,3.28455182,9848.907002
Asus,3.097799845,32,512,15.90713783,3.896057625,18564.87371
Lenovo,3.669795736,32,1000,14.06089028,4.178333778,32943.02119
Dell,2.636849639,4,256,15.41743886,3.100884221,8951.260151
Dell,2.788990071,32,256,14.07738233,2.441681223,10805.22151
Dell,2.722116451,32,1000,16.21763649,2.619743049,32761.71743
Acer,3.167160644,32,1000,13.416655,2.93979943,32953.47077
Asus,1.849128137,16,1000,16.82141207,3.908205261,32130.93257
Acer,1.574933975,4,256,16.59393655,3.194841647,9026.50863
Asus,2.269824854,32,1000,15.44961572,2.020444094,33188.92315
Acer,3.261701907,8,256,12.67649531,3.570221555,9283.177998
Acer,2.00463363,8,1000,11.78992153,4.764540176,31446.97749
Lenovo,3.183581083,8,256,16.1282207,4.436232833,9468.282674
Acer,3.924780115,8,256,11.99181372,4.475634114,9684.282947
HP,1.734751789,16,512,16.12556473,4.385174053,17543.33454
Lenovo,3.181505296,32,1000,13.94459004,2.971192477,33000.20424
Acer,2.609375548,4,1000,13.4393407,4.295581501,31420.17334
Dell,3.670355636,32,256,16.41914467,2.429484073,10521.56081
HP,1.942874474,16,256,14.6231059,3.973148442,9643.781766
HP,3.231564881,8,256,14.45968404,3.9247057,9346.199598
HP,3.595288224,16,512,14.35259567,2.076709397,17769.02973
Lenovo,3.861535549,32,512,13.2270171,4.363910401,18371.27151
Acer,3.208120071,4,256,15.71385862,4.709744315,9240.676133
Acer,2.74293691,16,1000,12.51679066,2.802245835,31778.84713
Dell,3.044618101,4,1000,16.63336976,4.437172173,31234.92888
Dell,3.672262461,16,512,16.36391123,2.247217916,18071.45595
HP,2.926524367,4,512,13.02488195,3.799903575,16893.74026
Dell,1.575967649,4,256,15.37678262,3.456940596,9049.026872
Lenovo,3.827371739,8,1000,14.43933917,3.6377706,31735.42443
Acer,3.223816878,4,256,13.02589581,4.778615606,9412.599857
HP,3.191283464,8,512,16.93112989,4.613945742,17329.76781
Dell,2.039187881,32,1000,11.15142408,4.355250972,32526.82811
Lenovo,3.147213676,32,1000,12.51587618,2.821095373,32739.64822
Lenovo,2.484661014,8,512,14.12044437,4.735455886,16845.48099
Dell,3.128082443,8,256,14.13171802,2.292523077,9459.669088
Acer,1.766482576,16,256,14.53359845,4.55998765,9611.790008
Dell,3.144613262,16,1000,15.51005703,2.984480217,32216.95779
HP,3.998534314,16,512,14.74086698,2.161316935,17992.65705
Dell,1.620530097,32,1000,14.60168876,4.008070953,32533.06772
Lenovo,3.942935461,16,512,11.32108678,2.693839785,17430.73803
Dell,2.517269902,4,256,13.25918173,2.730713378,9121.350285
Acer,3.676883626,4,512,12.39233444,2.918141499,16675.42504
Asus,3.45596371,16,256,12.59222067,2.191054303,10040.27411
Dell,2.917540652,4,512,14.32602485,2.531381433,16924.30747
Acer,3.346123023,32,1000,12.19703189,2.015418883,32925.40345
Acer,3.696288903,4,256,12.76369461,3.336228563,9262.458812
Lenovo,2.510350804,32,1000,12.42250825,2.252766132,33009.99182
Acer,2.317582904,8,1000,16.69101766,4.047957815,31832.48694
Acer,3.168983464,8,256,16.66799439,2.706868554,9470.813523
Acer,3.519614855,8,256,14.65964935,4.830722432,9647.162498
Acer,3.405712837,8,1000,16.54713481,4.613754882,32038.62181
HP,3.494534122,4,1000,15.71487587,2.868322685,31751.62636
HP,2.588958287,16,1000,14.5396873,4.349646364,32023.99594
Lenovo,3.54458554,4,1000,11.03861127,4.409734714,31661.82553
Dell,1.800522638,32,256,15.63509772,4.959689342,10195.39226
Acer,2.861222745,4,256,15.21493005,3.793519961,9232.829064
Dell,1.514396651,4,1000,14.69152192,2.245897204,31227.62555
Dell,2.311464575,32,512,15.56254587,3.940511687,18116.16559
Lenovo,2.416153837,8,512,14.07753299,3.874939245,16640.72783
Acer,2.490431729,8,256,15.22449963,3.915051732,9137.906271
Acer,3.238668017,8,1000,16.61103252,2.921436944,31753.56092
Asus,2.471395253,16,1000,13.2548301,4.579038755,32192.5931
Dell,2.621734057,32,256,15.24873101,4.878416549,10617.70196
Dell,2.093860327,32,512,13.85412691,2.653137539,18317.25808
HP,2.433129479,4,512,15.04639791,2.264456474,17073.49197
Asus,2.068174068,16,512,15.57736001,2.5836051,17425.20779
HP,1.682989809,8,256,11.272715,4.461656418,9125.49438
HP,3.008621483,16,512,14.87960266,4.029933904,17324.41821
HP,3.170531996,32,256,12.36044711,3.908142027,11019.56817
Lenovo,3.048725865,32,256,15.02019523,3.205379405,10374.52647
Lenovo,2.65873511,4,1000,13.80998112,3.733483915,31494.35862
HP,2.44946445,4,512,15.64131645,2.923622376,17000.0428
Asus,3.658334124,32,256,11.74040489,3.431600238,10881.50644
Dell,2.797704463,8,512,14.75793411,4.379189085,16839.88987
Asus,2.697954694,8,512,12.67082437,4.943724792,16919.58958
Acer,1.564105165,16,1000,16.11789197,4.797466771,31727.41325
Lenovo,2.353119569,32,512,16.57030103,4.801597829,17817.92711
Dell,2.450489047,32,1000,16.97838976,3.206671205,32923.66424
Dell,2.497056952,8,256,15.77604441,3.406369642,9217.345503
Acer,2.950430923,8,512,15.52240442,4.116906189,17420.46167
Acer,2.834006367,32,256,12.29300455,4.766575784,10668.03049
HP,3.019762732,4,512,13.01604235,2.425982778,16908.29396
Lenovo,3.412208154,32,256,13.79409525,2.912725591,10614.65637
Lenovo,3.532464347,32,512,15.64028629,2.417740534,18478.1444
Asus,3.295307691,8,512,16.48979519,3.83602559,17159.32242
HP,3.88880924,8,512,12.1348346,2.918902991,17265.17733
HP,1.545581457,4,512,16.53420491,2.978323558,17050.34431
HP,1.989444964,4,512,15.17374791,2.212747878,16526.28524
HP,1.518907187,16,512,14.66462438,3.049388185,17192.85167
Lenovo,3.118686785,32,512,12.19904763,4.587489522,18423.12109
Lenovo,3.745076372,8,512,11.3331502,2.699218436,17128.65793
HP,2.108705741,4,512,14.41078939,4.085562399,17045.20968
Asus,3.817586362,16,256,14.9090941,3.888885035,10138.50213
Dell,1.650668476,16,1000,12.2646887,4.590453825,31685.74485
Dell,3.836090067,8,512,14.33873723,2.396863843,17330.83786
Asus,2.379056718,8,1000,16.13896042,4.932769881,31508.34111
HP,1.753552071,16,512,16.01039567,3.747885938,17134.10781
Lenovo,2.714679398,4,512,16.56413108,4.986422457,16856.31468
Dell,2.141941419,16,256,13.19531486,4.734544178,9877.701372
Acer,2.212182255,32,256,12.90829744,2.664551816,10603.04589
Acer,2.268224912,32,1000,15.49655604,2.16848603,32837.37572
Asus,3.507564745,8,256,13.58667443,2.766917281,9681.814504
HP,2.847903192,4,256,11.52529198,3.582690947,9197.983311
Dell,2.278269248,4,1000,12.69680678,2.514789101,31150.46349
HP,3.025834458,32,256,13.51149371,2.502379234,10601.34545
Dell,3.290376686,16,512,12.75509855,3.387780641,17524.66758
Asus,2.181560002,8,1000,12.99323343,2.099803914,31727.5167
Asus,2.533872754,16,1000,12.76265544,2.365664248,31925.07692
Acer,1.804715233,16,512,11.248995,3.247584018,17030.91419
HP,1.952873374,16,256,14.8225682,2.189389728,9636.02275
Acer,3.202794635,4,1000,14.58375452,3.190265169,31471.24646
HP,1.953595869,32,1000,14.92030099,3.422018798,32690.20316
Acer,2.812908459,4,512,12.15385938,3.353799842,16815.94497
Lenovo,3.272615654,32,512,12.77392725,4.607524572,18247.3176
Lenovo,1.767192308,8,256,14.71769556,3.590187365,9384.527048
Lenovo,2.918280549,8,1000,14.59776541,3.403941387,32024.43103
Lenovo,2.141406959,16,256,14.03798186,3.232127736,9829.3019
Dell,3.907317188,32,256,13.1024795,4.452870135,10424.74489
Lenovo,2.708864117,32,512,16.47758603,4.685169812,18156.07811
Asus,3.514981374,32,1000,13.03862145,4.559727408,32982.44101
Asus,2.875566355,16,1000,13.73371494,4.020639734,31740.32652
Dell,1.608531332,16,1000,15.06868299,2.412085238,31723.78073
Lenovo,3.082878439,8,512,14.25812859,2.830609908,17095.14617
Lenovo,3.878508356,4,512,13.08131586,2.138189191,16986.15128
Lenovo,3.00402955,32,512,13.61386874,4.792472225,18286.8886
Acer,3.547972149,32,512,15.76688491,3.982395589,18168.9425
HP,3.710516158,4,512,12.66877493,4.239088653,16921.03137
Acer,2.07019943,32,1000,11.85353144,2.934715219,32752.14531
HP,2.0301121,16,256,12.87897921,4.536960567,9600.272693
Lenovo,3.027452472,16,1000,16.09720529,2.778809851,32289.02522
Lenovo,2.527571175,32,256,11.53393829,2.004931271,10573.85856
Acer,3.599653257,16,512,16.95017644,3.129244888,17606.22034
Acer,3.750057808,16,256,14.24601739,3.712284443,10001.83284
HP,2.383553448,32,1000,16.90907446,3.436114574,32720.53241
Asus,2.092176397,8,1000,16.63397853,4.586228428,31551.2069
HP,3.451313788,4,256,13.71688229,2.316215858,9110.31475
Acer,2.187015089,16,512,12.19094645,3.661470322,17517.69213
Acer,3.556535796,8,512,11.98930866,3.538938049,17121.00509
Dell,2.559345634,16,1000,12.43993618,2.844178947,32245.01475
Acer,3.168874748,16,256,15.26079584,4.466684338,9936.623237
Dell,1.738838285,4,512,12.63769997,4.258545968,16440.80374
Asus,3.059648312,16,512,13.04855162,4.198577562,17541.13624
HP,2.629419197,4,1000,13.69267282,4.628577435,31615.39517
HP,2.966521158,4,512,16.47939608,4.168353802,16925.69246
Dell,1.920035519,4,256,12.13636051,2.695523875,8994.584946
HP,3.342184362,8,1000,11.03015932,4.116688135,31637.58172
Acer,3.656992694,32,1000,11.36057846,2.92310844,33034.19967
Lenovo,2.0418495,8,256,16.42859805,2.726523951,9337.256259
Dell,1.739286389,32,1000,14.88509879,2.219010779,32607.60598
HP,1.559096465,32,512,12.63824372,4.232085741,17766.40412
Dell,3.104928751,4,512,12.06315501,4.133002886,17138.51292
Dell,3.01773509,16,256,12.76560042,2.703498433,9932.648143
Lenovo,2.866743532,4,512,11.68878156,4.24813705,16715.11135
Acer,2.07986774,16,256,16.64919746,4.753522649,9725.353722
Dell,2.47726499,32,256,15.70523705,2.324086872,10270.60114
HP,2.986190838,4,512,13.77434706,2.697909915,16510.33181
Asus,2.741917147,16,256,16.18977563,4.250782382,10026.49774
Dell,3.969463801,8,512,12.49674923,2.823520021,17321.50277
Dell,1.841099381,16,1000,15.30272341,3.873991923,31925.99393
Lenovo,3.237861385,4,1000,16.13679499,2.243492673,31694.40469
Acer,2.51079692,8,256,13.14061227,3.356607437,9956.631887
Asus,2.570499037,16,512,15.54478667,4.217274266,17616.64186
HP,3.293994414,16,512,12.7704341,4.059541829,17324.52409
Asus,3.231090378,16,1000,12.79314281,4.445216302,31821.55349
HP,3.978139984,16,1000,11.64234307,4.63235638,32493.05845
Acer,1.820985724,16,512,13.64034828,4.319550504,17425.02778
HP,1.760274123,8,256,15.37827144,4.014763229,9314.484775
Lenovo,3.310847043,32,1000,16.64132483,2.095167475,32911.46842
Lenovo,2.945967293,8,256,14.62278195,3.60490002,9498.257175
Lenovo,2.185401666,8,256,16.17881323,2.113093175,9174.856632
Lenovo,1.698548422,8,1000,15.9349679,4.424203451,31646.72339
Asus,1.714145624,32,256,12.04005832,2.962173573,10530.53994
Acer,3.735477187,4,256,13.91490457,3.687288122,9259.826096
HP,1.979668312,32,512,11.70154121,2.838335922,18287.94316
HP,2.308428905,8,256,15.09291897,4.347500433,9323.039636
Lenovo,2.066641006,16,512,16.69939801,4.65950758,17459.09573
Lenovo,2.387490765,16,1000,11.82253675,3.195927483,31720.06294
Dell,1.673559607,8,1000,15.40329878,4.588767181,31543.33313
Acer,2.797649477,16,512,14.79342891,2.801225022,17352.26935
Asus,1.669031409,8,1000,14.50163022,3.603982769,31582.72575
HP,3.50089127,16,256,13.34072141,4.57628429,10194.66237
Dell,2.084280205,32,256,13.13078989,2.977644028,10487.59944
Dell,2.850029787,4,256,11.27149513,4.862126795,8946.643611
HP,3.700197719,4,1000,12.30745225,2.365638505,31787.82542
Asus,3.127193423,32,256,11.09106129,2.054825209,10687.06941
Dell,2.832394466,32,1000,14.48850263,4.712406058,33320.84523
Dell,2.310834383,8,256,11.63511942,2.205945998,9303.603397
Acer,2.332504783,8,512,16.23811636,4.975667588,16884.41161
Asus,3.173717388,8,1000,14.13885812,4.854190586,31923.10698
Dell,3.985348403,16,1000,15.19813945,2.41106273,32351.38623
Asus,3.154597975,8,256,13.46514255,3.612753877,9460.145105
HP,2.894458543,32,1000,14.36347885,2.554760892,32754.91847
Lenovo,3.326626276,4,1000,16.65595506,3.284465519,31641.11274
Dell,2.663014031,16,512,11.49640424,2.184275388,17406.84908
Acer,1.650355857,8,512,12.52362663,2.671773763,16788.15623
HP,2.90574204,16,256,15.67992996,3.089818389,9725.671351
Asus,3.894063211,16,512,11.59242324,3.315942501,17695.14751
HP,1.938257356,8,256,11.45396662,4.932488775,8962.711433
Dell,3.225012227,16,256,13.16924839,4.423596937,9612.352524
Asus,2.002334222,4,256,11.55300775,4.212229833,9111.311935
Lenovo,2.839569211,32,1000,14.51047065,3.611123944,33045.56205
HP,1.741691124,32,512,12.3576515,4.519993282,17748.77043
Dell,2.625927341,4,256,16.37418778,3.017968507,8836.578529
Acer,3.390408322,16,512,15.70100049,4.126697338,17409.08629
Asus,2.368928811,8,256,15.19823124,4.981351926,9282.277069
HP,3.162279311,16,512,14.70166416,2.943886727,17787.92019
HP,3.488624902,4,512,16.18079438,4.022052605,17010.57143
Lenovo,3.817944549,16,256,12.33837237,4.532944592,9791.154701
Lenovo,2.086605205,32,1000,16.23865306,4.74742275,32824.33712
Acer,2.49828979,16,512,15.73695379,4.153798073,17410.05583
Acer,1.881040033,4,1000,15.48896496,2.85082377,31081.27761
Dell,3.981208755,32,1000,14.36753407,2.978846455,32878.79139
Dell,3.81750242,16,256,12.47746497,2.062274096,9702.787542
Acer,2.849892826,16,256,13.5412875,4.282657933,10273.94804
Acer,3.605083236,32,256,15.76142393,2.128218818,10966.95923
Asus,2.802394943,8,512,11.19067091,4.593957064,16879.60962
Lenovo,3.05896422,32,256,15.69230462,2.355981843,10903.73248
Dell,1.72281108,8,256,12.44042444,2.515629536,9034.603152
Lenovo,3.388176051,4,512,11.8658552,3.429579412,17155.6926
Lenovo,1.819283709,4,512,11.69420791,4.213641246,16631.66578
Acer,3.565169076,32,256,11.16350007,2.417006616,10560.3635
Asus,3.455070219,32,256,14.14151891,3.320213225,10856.60636
HP,3.271861744,4,256,12.30955924,3.448553823,9273.58191
Asus,1.590400951,8,256,16.93659059,2.636856925,9290.096987
Asus,2.25782089,4,1000,14.44662054,2.34667513,31460.13124
Lenovo,2.157781425,32,1000,11.82731162,4.509262769,32764.01284
Asus,2.400341019,4,256,15.13257524,3.507396949,9287.756517
Dell,1.719106867,32,1000,16.3864614,2.043143708,33267.88053
Lenovo,3.842394558,32,512,15.47107697,4.408943904,18743.56939
Dell,2.884505602,4,1000,11.45863917,4.942381416,31500.57912
HP,2.263810777,8,1000,16.37530509,3.817778586,31579.96909
Lenovo,2.492453793,16,256,15.76357632,3.511125161,9718.50405
HP,2.618006351,4,1000,11.9498234,4.635247589,31165.0194
Lenovo,3.001485833,16,1000,11.31071533,4.857550369,32210.84468
Acer,2.789198569,4,1000,14.34386345,4.263610748,31299.09634
Asus,3.798479933,16,1000,11.93621487,3.336358789,32190.56583
Acer,2.742408707,8,512,16.00754572,3.776664198,17224.93575
HP,3.980395037,8,256,13.15000794,4.102806095,9550.586045
Asus,3.628562394,4,256,16.47735467,2.582820713,9310.973767
Lenovo,2.021276286,32,512,14.39412903,3.341603097,17879.22567
Asus,3.826488037,16,1000,12.09603431,4.489463794,32503.389
Dell,1.790915995,32,512,11.8375932,3.964176045,17848.64893
Asus,3.543624271,32,1000,14.45883463,3.233612202,32948.39026
Dell,2.451558234,32,512,15.57130167,3.990087602,17863.49092
Asus,3.694935801,8,256,15.68903389,2.354667236,9605.248956
Dell,3.670141725,4,256,12.65454443,3.204492832,9268.415328
HP,3.5148135,4,256,12.22548055,4.379385614,9320.050038
Acer,3.475076091,8,1000,11.10053783,2.661526361,31555.48438
Lenovo,2.261697848,8,1000,15.07519491,2.557884523,31775.10078
Asus,1.702298208,4,512,11.45940955,4.85245598,16213.28116
Acer,2.507450447,32,512,13.52456721,2.629692889,18187.249
Lenovo,1.933811287,16,256,14.61009298,2.782755739,9654.234216
Lenovo,3.237377722,16,1000,16.62265367,4.908847817,32242.39494
Dell,2.365249316,16,512,12.87081282,4.204125711,17379.97584
HP,3.939025502,32,1000,12.49863297,4.098789599,33254.5242
HP,3.102430193,4,1000,14.92496093,4.558779152,31838.33721
Acer,3.556201409,8,256,14.71543419,2.347469247,9530.952688
HP,1.831311682,4,256,12.9926587,4.11786871,8771.368296
Asus,3.655036206,32,1000,16.56861101,3.511065828,33239.41226
HP,3.806892976,8,1000,16.06917396,4.487451921,31881.83968
Acer,2.717654797,32,1000,12.34389528,3.524425156,33108.08856
HP,3.015632344,16,1000,12.43485527,3.860724063,31992.82301
Asus,3.412024502,16,256,14.07380208,3.433226379,9737.946501
Dell,1.937096568,32,512,15.64143261,3.434476771,18154.66195
Acer,2.756415191,8,256,11.26424228,4.303909934,8965.445226
Dell,2.496657569,8,512,15.16001092,3.885699202,16930.189
Dell,1.86593498,4,1000,14.88941538,3.899789605,31266.00929
Dell,2.418836056,16,512,12.38888058,3.350847451,17402.13081
Lenovo,1.670430773,4,256,15.08811808,3.593328489,8780.660812
Lenovo,1.564529767,4,256,16.64109915,4.237152999,8807.456312
Dell,1.837915723,32,1000,11.28071507,4.477822757,32879.80196
Acer,3.907787779,32,256,12.91791233,4.089684206,10776.32667
Asus,2.87382384,4,1000,13.6290603,4.772218967,31672.55122
Asus,3.914555403,16,256,16.39556215,4.460972264,9937.855121
HP,2.581244696,32,256,16.77356868,3.685591369,10583.97421
Acer,2.279540333,4,1000,13.66469148,4.014218218,31431.9666
Lenovo,2.765354657,4,512,15.50017047,4.778924831,17224.79607
Dell,2.598779222,4,256,14.18996614,3.857504133,9101.45649
HP,1.764161711,4,512,14.22669761,4.474420844,16619.36831
Asus,3.102065787,4,256,12.66859709,4.066431511,9432.75139
Lenovo,2.040095456,4,256,12.30173748,3.655809083,8921.533462
Lenovo,3.048969887,32,256,12.72803208,2.725514586,10674.02531
Dell,3.125502731,16,256,14.33796804,3.277992558,10061.27182
Asus,1.880062133,4,512,11.17493112,4.903228475,16495.31039
Acer,1.653374068,8,512,16.44349367,3.97329615,16947.90421
Lenovo,3.451903965,32,256,11.93770226,3.693186141,11021.31312
Dell,2.649501059,32,256,12.32053206,4.798869877,10692.58576
Acer,1.645409489,4,512,14.10965706,3.759535343,16690.6663
Asus,3.987165793,32,1000,15.2606886,3.578247555,33122.00019
Lenovo,1.644451402,4,1000,11.57437433,4.277932565,31096.73479
Acer,3.237588072,16,512,12.90616819,4.137996857,17326.62382
Acer,3.959197313,16,256,16.81204763,2.579480025,10384.21041
Acer,2.097950261,32,256,12.5740578,3.413924824,10680.02617
Lenovo,1.855623422,32,1000,12.87830087,3.417546328,32563.09234
Lenovo,1.803462349,8,1000,16.01899094,3.134673546,31617.26295
HP,2.258187869,32,512,11.30128659,3.551880446,18124.4098
Asus,1.752614528,8,1000,13.78767901,3.239322193,31730.76636
Dell,3.230403354,16,512,13.27770059,2.598036468,17622.21456
Acer,1.655729495,16,1000,12.89952056,3.237099462,31852.20156
HP,2.77355532,4,1000,12.71419756,2.216830843,31378.48959
Dell,3.991742135,16,1000,11.54824463,3.727357588,32360.21331
HP,3.534925674,8,256,12.88895498,4.560963647,9429.518084
Lenovo,3.038048596,32,256,11.25831442,4.175861253,10615.15438
Acer,2.265634052,4,256,15.68578318,3.08118212,9100.836437
Dell,3.059739591,8,1000,13.38936676,2.261213617,31682.62474
Dell,2.81760366,32,512,13.66342299,2.606448198,18076.17656
Dell,2.56520846,4,512,16.36156752,3.636471021,16966.74738
Dell,1.826775942,16,512,14.9483299,2.62117125,17306.62414
Dell,3.716510538,8,512,11.04835462,3.631919334,17545.43418
HP,2.624461622,32,256,16.65904894,2.694797074,10404.65636
Acer,1.98655628,4,256,12.4228668,4.546771608,9105.360514
Lenovo,2.419398377,4,1000,11.64568511,3.191814419,31368.34594
Lenovo,2.535324381,16,1000,15.60876907,2.736651878,32511.82542
Lenovo,3.568844739,32,512,14.0028639,4.436978541,18519.25082
Lenovo,3.334035951,16,256,13.6026234,3.028516894,9953.512206
HP,3.423262234,16,512,12.49701848,2.334463064,17555.2277
Asus,1.527578161,32,1000,14.28482894,3.711228474,32513.47572
Acer,2.540384995,32,1000,12.64630763,3.744692613,32885.83478
Dell,2.703360379,32,512,16.40949803,4.144087026,18010.96064
Asus,1.547980692,8,1000,12.29122688,2.7206583,31160.95728
Lenovo,2.149533022,32,512,16.3061309,3.331314017,18385.20377
Asus,3.400724558,4,256,14.35643255,2.847103757,8966.377697
Acer,1.842774264,16,512,15.9709288,2.242861208,17261.63011
Dell,2.838275329,8,256,15.27707598,4.629841481,9197.072872
Dell,2.03800468,32,256,15.18017067,4.186609413,10368.84412
Acer,1.530301937,8,1000,12.94607485,2.904389178,31472.84705
Acer,2.103003644,32,1000,12.40338159,3.798118979,32927.59823
Lenovo,3.939684387,8,1000,12.26531737,2.603791364,32150.73203
Dell,3.50384278,16,512,16.14314994,4.670709865,17453.13381
Asus,3.898941611,16,512,15.92256092,2.34471903,17641.59996
HP,2.71963511,4,1000,13.64344117,2.011511437,32307.19076
HP,1.774340497,4,512,11.79442768,3.506024593,16565.69347
Acer,2.869898722,32,1000,13.29351351,3.74938347,32725.91402
Lenovo,2.635943336,16,512,14.71606072,3.736895961,17300.98077
HP,3.610892707,8,256,13.72641893,2.163535782,9506.243579
Dell,1.745206452,8,256,15.68113561,2.942131421,9134.695216
Acer,2.720602843,8,1000,16.98573693,3.497596841,31701.98531
Asus,1.875121662,4,512,12.14679253,2.649737557,16647.1775
Acer,2.311689817,8,512,13.75790492,4.617877656,16945.63571
Asus,3.343392693,4,256,13.58590341,2.261327868,9106.686029
Acer,2.690045323,4,256,12.8269552,3.462153325,9213.79284
Acer,2.439720713,32,1000,12.1885731,4.074248173,32815.18251
Acer,2.486190696,8,256,11.3941527,2.7852533,9376.584994
Asus,2.648616921,8,1000,16.3227159,3.872722211,31374.55967
Asus,3.46254136,16,256,13.51909219,4.48815545,9929.37741
Acer,3.730211722,32,256,13.98137311,2.571010925,10382.84043
HP,3.888336716,16,512,16.50165229,4.751661775,17685.06959
Lenovo,3.467258466,32,256,15.65774287,3.660675598,10881.58705
Lenovo,2.288517239,8,256,11.78300758,2.897696013,9453.54247
Lenovo,3.220336765,4,1000,14.39251981,3.292574826,31665.88401
Asus,2.59400781,4,256,13.65351366,2.936575651,9277.584226
Asus,2.136676555,4,1000,15.78326644,4.17533348,31341.44631
HP,3.602178949,4,256,15.34539529,4.38890199,9261.621122
Lenovo,1.596065872,4,256,15.14243433,4.498812177,9495.625372
Lenovo,3.75440498,16,1000,13.04326901,4.957304749,32427.60539
Acer,2.653693662,32,512,15.82978238,4.373852877,18028.99908
Asus,3.093003692,8,1000,11.31434777,3.804152212,31359.91339
Lenovo,3.148384806,16,1000,11.95774941,3.017660895,32045.64145
HP,3.737794352,32,1000,13.01373964,3.633786346,33309.8695
HP,3.091674205,4,512,11.46084465,2.123204518,16896.06752
Lenovo,3.034833962,32,256,12.40996567,4.234475227,10148.01739
Asus,1.666630101,32,1000,15.9809059,3.337866635,32684.10679
HP,2.796020055,4,1000,16.68950923,2.060069689,31571.91319
Acer,1.875422502,4,512,12.82761413,2.187520825,16186.6281
HP,3.343584422,4,1000,12.58709482,3.162399391,31593.66802
Dell,2.780554802,8,256,12.67935591,3.750264557,9149.521832
Dell,3.200569448,4,512,12.66631452,3.392611847,16552.40478
Asus,1.604182252,8,256,11.21558109,3.857612952,9407.473459
Lenovo,1.71198004,4,256,16.56149808,3.440882776,8807.696702
